average_error,min_error,max_error,time
0.0011804986866960742,3.2736977573222248e-09,0.005456648338133974,0.7824337339843623
0.004491797304207258,3.2582772035993912e-09,0.021960989499154593,0.9549826610018499
0.0027438999771581094,0.0,0.05279842710956473,0.8021234099869616
0.14084116439596672,4.071816306350229e-08,2.2395070700855477,0.820849244017154
0.02872476520693339,5.7348199078433026e-08,0.7778176571547988,0.80569640500471
0.004307179692013082,3.106658752471958e-08,0.12321365098222437,0.7620954579906538
0.00038069699501996034,2.0879298290310544e-11,0.004530586501738654,0.825713069003541
0.002959282967678486,1.3988447733481735e-08,0.15926128246600513,0.8706495389924385
0.0018446202654213493,7.388223366433522e-10,0.009001136389548137,0.8268129539792426
0.00030265526164765453,4.683755605583428e-10,0.003958186022028798,0.7974144450272433
6.216148389833684e-05,1.7763568394002505e-15,0.0005435826183415315,0.7894158579874784
0.02925022867555501,4.897458438790636e-09,1.3769023924716723,0.9392307439702563
0.00019437012663234832,4.133298148190079e-10,0.0016236979748640579,0.8936036779778078
0.046097508142718735,2.147354472015195e-08,0.508169643557844,0.8968845929484814
0.0018251010358437114,5.776506384336244e-09,0.02699687584358834,0.8539359190035611
0.03518037313454603,5.27463672739259e-08,0.9544835745709719,0.7738329509738833
0.0003245567690051177,7.206413243920906e-10,0.0018301881922972996,0.9543969180085696
0.0002807434917468845,6.402842700481415e-10,0.0037005584815403836,0.7507644220022485
0.01976213544081818,6.683804087970202e-08,1.014110143795543,0.8065152009949088
0.008977627500194473,3.2825013818182924e-09,0.18249798789026528,0.8878472009673715
0.0008010559694583925,1.5442491729800167e-09,0.0038766670345697918,0.831693381012883
0.033674524220055554,2.953863784682653e-07,0.8974681160598408,0.8206307420041412
0.028553080804422627,1.3471108673002163e-08,0.9646970710586551,0.9700112250284292
0.0036218836844111022,3.756150945832815e-09,0.0224996175949439,0.8849453539587557
0.00018503628915034974,1.9368471271263843e-09,0.0027862425512488187,0.779640996013768
4.6751596538556135e-05,9.77223635345581e-10,0.000604300251628942,0.8522870329907164
0.0007378276658976775,1.3308465440786676e-11,0.009211827372993753,0.7670121690025553
0.0002529408279141589,9.302212333750504e-10,0.0012590965282957,0.7494632549933158
0.005755743206810157,7.353897046868951e-09,0.3312429374541246,0.7955400799983181
4.016162202417073e-05,0.0,0.000605437274055376,0.8449994389666244
0.003513727025492,2.2481678740859934e-08,0.08915546583840595,0.8038532200152986
0.042255012036058914,3.013445741828491e-07,1.7430888750677553,0.7954445799696259
0.0011325007777814495,1.0375700298936863e-10,0.008502648381581324,0.7694504729588516
0.05423036785776174,1.8165553719029504e-06,2.0029379801887863,0.8103045540046878
0.012111351924634037,6.110360217803645e-09,0.21035728246732788,0.86325344000943
0.010666824432918921,7.177408178904443e-08,1.3495725470918192,0.7950873710215092
0.00037965931852928234,7.782237076980891e-10,0.003020272542407554,0.7988568129949272
0.0015979227910722122,2.6067421998732243e-08,0.025412120406802075,0.8689192429883406
0.00022011782799622354,1.6174546146885405e-09,0.002861345855990294,0.8192694399622269
0.00013040540495649864,1.0934879668411668e-09,0.0018813340339978168,0.8080507990089245
2.66043447672764e-05,3.9465319900955365e-10,0.0003855417211617862,0.8148470940068364
0.00012364694448634521,2.8858639922191287e-09,0.0017535453503469967,0.8255578330135904
0.00041206708495001334,4.793889729626244e-10,0.0027255340505938364,0.821627119963523
0.0003997470901675404,6.939693264484958e-11,0.002436014644775497,0.8910832430119626
0.05081632661251312,3.883244971802924e-06,2.0975891155323723,0.7752461579511873
0.0006705371968373155,7.843308225119472e-10,0.0019461515438923271,0.9204382280004211
9.302725129841684e-05,8.271126006320628e-10,0.00038423149592858863,0.9161436290014535
0.0014961637771575866,2.5050059804243574e-09,0.01129907421784182,0.9200575830182061
0.002669598814261011,1.527380533161704e-08,0.04420075680871882,0.8939229139941745
0.00904865274097266,5.097852806557057e-09,0.6987224385778781,0.859645604970865
0.00038802784133360504,6.314255784900524e-10,0.0019546924977156266,0.9126073060324416
0.005314215521558463,1.7716086375685336e-09,0.2762359835614525,0.8066007770248689
0.01464678554405872,4.195795710870698e-09,0.5051685448493899,0.882305819017347
0.0009934516525270914,9.690779734228272e-09,0.03853514506428368,0.8129889139672741
0.0004590606902658407,3.2506974889656703e-10,0.004117713579882221,0.820264107955154
0.002782243343969357,5.686100479351808e-10,0.07149548048260002,0.7752552620368078
0.00024111757167376153,1.033498620017781e-08,0.004691472293114174,0.7645905700046569
0.0008681233321561541,1.8332730888914739e-09,0.008488440418595644,1.0266168169910088
0.0018576276728469443,5.254641166629881e-09,0.01903729664616627,0.774023077043239
0.09023890827954859,2.4114327832336357e-06,2.7235812583345975,0.917081645980943
0.0013291836521176878,3.8706584604142336e-09,0.00531357254358511,0.965740864048712
0.004865426307579619,1.1477432337869686e-09,0.07374801452590063,0.9438423700048588
0.0011229728775545137,1.2505019242325943e-09,0.012133490753743814,0.8608207820216194
0.00015286105983087773,4.943405684798563e-10,0.002437701416294402,0.7788801480201073
0.024485863197732143,1.408688277138026e-07,0.47315329412547236,0.8059057859936729
0.0002772709134994143,4.827747090985213e-10,0.002652365265355172,0.7733679530210793
0.00025004512147619,2.8390978457082383e-10,0.002213352134395663,0.7438758839853108
0.00017387087490204658,8.989733402131606e-10,0.0021504251416466502,0.8646029019728303
0.003087124854725486,8.425836028891354e-09,0.02330518326458275,0.9371488169999793
4.892704002374785e-05,4.6000714348792826e-10,0.0009033315198401226,0.8587363089900464
0.0047461092800075,2.321035807995031e-09,0.08272686376222538,0.8083158489898778
0.00045379269935852363,2.0447643578336283e-10,0.006671292341643209,0.8028840500046499
0.030540888473767968,2.6470753056173635e-07,1.272601091585262,0.8291672230116092
0.0063197309005837265,3.0628868330495607e-09,0.27163773832744376,1.0749444920220412
0.002455155284656613,1.4887788779560651e-09,0.03131838124210873,0.8457144980202429
0.0006676451098382823,1.1653042975012795e-09,0.009125684646670962,0.877234727027826
0.00020915572282164015,0.0,0.0009810253221953502,0.8738492060219869
0.00015285055926219407,5.515090606422746e-10,0.0011593425023086468,0.8217317310045473
0.003117290659849419,9.739736128722143e-09,0.02135107143355164,0.8849221409764141
0.0005946533024408583,1.3758754136006246e-09,0.00718770729562479,0.8314139749854803
0.0001475507432284421,1.1316458881083236e-10,0.0012354828316141209,0.8143168130191043
0.0018933112151460364,0.0,0.048392566838000306,0.787358472996857
0.007352158308899117,1.006080143639565e-07,0.15481297581122533,0.801192999992054
0.01940866440810799,5.804629665817629e-08,1.0275505303689272,0.77016753598582
0.003265406073909123,3.3025315815393697e-10,0.012853943420479297,0.9821155070094392
0.0024497155743880374,4.110450646521713e-09,0.009634587554394614,0.7748530189855956
0.0008561771481931935,1.4676890813802856e-08,0.017202486955280705,0.7884628000319935
0.029960195670062816,5.1407749168674854e-09,0.5941234347476971,0.8075942230061628
0.0029596162516563026,1.4782663981804944e-10,0.013166813930112653,0.8329234659904614
0.015051837560469539,2.8962610088001384e-10,0.23424039915115813,0.8094838969991542
0.0008092348213023986,1.5866419289523037e-11,0.009904870457068782,0.8394774519838393
0.000635731726474404,2.513720787078455e-09,0.0024051154458870627,0.8530789529904723
0.00925736460324296,1.94986249368867e-09,0.2555477437584699,0.9037608499638736
0.005359247619807366,9.15856759320377e-08,0.8321444408834839,0.838488164008595
0.0031894778063047287,2.000998478024485e-09,0.01858606686884734,0.8280825869878754
0.006049422300240552,4.44701164781236e-09,0.020390335441577534,0.8245811099768616
0.007173898067415497,1.0952565077104737e-08,0.029489642933734572,0.8064260150422342
0.000128474265469496,8.437819332129948e-10,0.009770315767141824,0.8197388870175928
0.04178118275234173,6.919869832699987e-07,1.859827620591144,0.8129773729597218
0.034852579023447315,9.674689493976985e-08,0.8883211294707198,0.887237515009474
0.003701307517896023,1.0312408704749032e-09,0.03481741015268547,0.883480609045364
0.0027907885235371674,1.5591812285720152e-09,0.04314109309974157,0.9505571860354394
0.00028844308221241953,0.0,0.003818231355797508,0.7641054189880379
0.0061579766902348666,1.064084997892678e-08,0.03200016664420957,0.8865153680089861
0.0030253793197047183,3.961244132710817e-08,0.0903523469376104,0.7707898230291903
0.007637911909444925,8.87636986135476e-09,0.11094707105766233,0.8524114590254612
0.00399515366092853,4.046437851457085e-09,0.023721236111736488,0.7486439879867248
0.0012451930116312894,6.160316701198099e-10,0.005091727577852367,0.936011123994831
0.0053794771067744275,6.035332233977897e-10,0.4747659777604696,0.8808621339849196
0.0029929065325585143,1.0044762888128389e-07,0.06360148187569337,0.922018687997479
0.0006795445857523584,4.354063776190742e-10,0.0023559947225102462,0.8774283259990625
0.016011121927303924,1.3133671927789692e-10,0.088138597850552,0.8542541779461317
0.0030194830802354475,6.938616792240282e-09,0.03940487611282961,0.876441402011551
0.0029291180738338957,1.757408440994368e-09,0.028421735713106244,0.9485389549518004
7.200365141956863e-05,9.626290875530685e-10,0.0009253788249949935,0.8962716239620931
0.0003781376947777478,0.0,0.001179988391740494,0.9076282629976049
0.00027185412350969816,2.2181367853590928e-10,0.001621321632857331,0.8656818110030144
0.0001194166415991335,1.7670132024250051e-10,0.0013499800412652974,0.8512405770015903
0.011637274189976973,2.4255641051240673e-08,0.32482511031103556,0.7706441369955428
0.007467572971856076,0.0,0.09254588427505794,0.7549922139733098
6.827674112438488e-05,6.359357485052897e-11,0.000770523860776251,0.9448618200258352
0.012140193245986655,4.1255643523641083e-07,0.36178813712631097,0.9255607440136373
0.0006447227498991303,2.8956748110431363e-10,0.0035296426471962405,0.8901634989888407
0.0027209261932403706,3.2577283093360165e-09,0.013782187243453592,0.9321081070229411
0.003976454914100991,1.4599716990915113e-09,0.02252150559676025,0.9231788360048085
0.02296203418452996,8.054179545524676e-10,0.26508259287756886,0.7902127690031193
0.0034816094559099856,3.3052835135549685e-08,0.14132413273931732,0.7834852819796652
0.006528393607795525,1.5942667630497454e-08,0.5287283159129732,0.7511773370206356
0.010177498883533562,1.0284022522455416e-09,0.08554736033764954,0.8402938059880398
6.254896789404697e-05,2.573674606765053e-10,0.0007962368219853744,0.8844480799743906
0.014307673385257189,1.2362367129981067e-08,0.3209253101055687,0.8526952539687045
0.0005492046776636239,1.7103189975387068e-09,0.0023716319608944048,0.8460396809969097
0.009656751104230527,1.604693622425657e-08,0.39952831766727215,0.8481215669889934
0.31128496624304364,5.883310638665762e-07,1.574270556381883,0.7851037009968422
0.0005584316589573358,2.6462281255135167e-09,0.005866194640269384,0.8559456100338139
0.021161293082340455,6.3806737671257e-12,0.09261094120039992,0.899286059953738
0.03462648408673426,1.0791375615326615e-07,1.1994714146513026,0.783113062963821
0.03868581162260589,7.687308283266248e-07,0.822391216822087,0.823596025002189
0.000466317939060594,1.6659544854746855e-09,0.00635137777544692,0.8575533900293522
0.0013663517767958447,5.907807576477353e-11,0.010803144118801455,0.8322211059858091
0.0002003060728319704,5.982059292364283e-10,0.001231964545294062,0.9237981450278312
0.06770522488608541,7.705720328488042e-08,2.8123391962277395,0.7450414519989863
0.0008175592282669873,6.272529162743012e-10,0.022691086199385424,0.764398796018213
0.007028150443350013,2.165551293842327e-09,0.03096973302393735,0.8337572430027649
0.00023749623749090565,2.1870860678063764e-10,0.003635614835998169,0.8238597260206006
0.007386061584179154,5.691230597903996e-09,0.04282630264821208,0.8200757449958473
0.0010550492963415602,0.0,0.08035171110165074,0.7690405039465986
0.0017939433154962833,0.0,0.0523542406361468,0.8221265500178561
0.0003357494411073622,1.0217799939482575e-09,0.0050419734941495875,0.8274861929821782
0.022012650769880664,2.6018049936737953e-09,0.4336440783333604,0.8281254270114005
0.00015765999874636956,0.0,0.0011373701911825407,0.8481334249954671
0.0005902326200505608,2.1542412298458657e-10,0.007196973867385381,0.7813934340374544
0.011415471647702116,1.9033183917827046e-09,0.3637131950996473,0.8478190180030651
0.00037319743070114464,4.0020964320319763e-10,0.0015910485832080212,0.993187615997158
0.004427023326901268,2.532356546680603e-10,0.034619737608361234,0.8963083369890228
0.027230390572921065,1.0048271548157572e-08,0.21214569802690164,0.7804500850033946
0.00833330454908747,4.681828436048363e-08,1.4722605640738227,0.742530416988302
0.0019094258230546817,7.979270577607167e-10,0.009186012133275412,0.87551014800556
0.003066292258552793,2.843076885028495e-10,0.01317051126978086,0.7465070240432397
6.129255340696776e-05,0.0,0.00025327747150427626,0.9385080260108225
0.000850403451965815,6.216893666532997e-11,0.0032002968204167814,0.8626599219860509
0.0002753379985578626,2.013678113144124e-11,0.004336315944540203,0.802322774019558
0.000865919918110351,9.272053347331166e-09,0.02616586531064513,0.7375783420284279
0.0004024094241455167,5.0732751333271153e-11,0.001478177857379137,0.8650728599750437
0.0007437318070667821,2.7120673706804155e-08,0.029546058504942962,0.9771975039620884
0.002727577278680405,3.811560844724227e-09,0.0287147118819302,0.7859364769537933
0.002035756419527766,1.6817374159927567e-09,0.018889690670818027,0.8330449539935216
0.0015158164435182292,1.401023297376014e-09,0.0499759229447676,0.8987448740517721
0.0011402649051860205,8.418373553809033e-08,0.03430248717210205,0.7563529059989378
0.0017789922704054093,1.0256560045718288e-09,0.015757721180392537,0.9713591819745488
0.002724610223171122,1.1369216679213423e-09,0.013819563501684229,0.8114390940172598
0.0895433022842195,2.7004606550917742e-08,0.6232389654598816,0.7667603269801475
0.0344034100479097,1.8485014408042844e-08,0.6607431638262202,0.8016155459918082
0.06763502576270654,1.3357048800344273e-08,1.798479431803031,0.8650522049865685
0.011644537020381984,5.91474780264889e-09,0.08947765065093805,0.8408010150305927
0.002320385731370042,1.57477586526511e-09,0.013449615488518418,0.9095549519988708
0.025751097502069848,1.4640200163285044e-10,0.5125130722183329,0.87716396903852
0.0007467335780658883,7.383441413821856e-09,0.0029259855340679763,0.858664498955477
0.0018616984848002249,3.209546406424124e-09,0.009238319112624183,0.8317312449798919
5.384831955726997e-05,8.650253846553824e-10,0.0002471897588343097,0.8165863809990697
0.5715148325359104,2.321878436184477e-05,4.822956997540761,0.7550198679673485
0.013018695846949212,4.219913307679235e-11,0.216689059812202,0.9216865029884502
0.001162691624082163,1.2519567604840631e-09,0.004677110133181728,0.7709484649822116
0.05638391308850634,3.9413423635892286e-08,0.80663086584312,0.7772728239651769
0.0052574812237632645,6.170953525952427e-09,0.06243901474284108,0.7516421860200353
0.0013912899251229912,1.6560974813728535e-10,0.011843646808056718,0.8421303919749334
0.0033864917945208755,5.063771624236324e-09,0.14557170641772288,0.757531009032391
0.0009274219128230586,8.4124884836001e-10,0.006384096205831469,0.8367760269902647
0.000127269375717776,3.417559568674733e-09,0.0020577930734368977,0.8418726640520617
0.005112657972352005,2.5035893358449357e-08,0.1640712650449636,0.7945106929983012
0.0006992709969741783,4.2383518916722096e-10,0.006255246978735585,0.8972235859837383
0.0002377280247044155,1.0858869359253731e-10,0.0033922328052415907,0.9644678190234117
0.00013205457454466656,1.8849632965611818e-10,0.0018564234004649904,0.821223249018658
0.0012475465363211782,1.4693490868467052e-09,0.01723517497534033,0.929235189978499
0.0008101127838528431,2.1175594611122506e-10,0.004728519813481213,0.8782264870242216
0.0004430109766924206,6.105302929881873e-10,0.004004130395752981,0.7857218610006385
0.004057753407550185,4.504396855509185e-10,0.02674889684077364,0.7687919540330768
3.823596449733617e-05,0.0,0.00024285417459779524,0.7480820780037902
0.017425924666527766,4.253582078561635e-06,0.7248143201622987,0.8566360959666781
0.0014624450432767365,3.9052139300110866e-10,0.0203840543279874,0.7596426520030946
0.0020361334614553807,2.4293154154975127e-09,0.01672007870706338,0.8898530339938588
0.0008131058718660683,1.8934986911745e-09,0.0070701771684547055,0.8236785180051811
0.002813991404551731,1.890228418233164e-09,0.05384224782597258,0.865298385033384
0.004936049059757079,5.975984151973535e-10,0.040970281767837236,0.7661685119965114
0.0037974619101334233,1.7763568394002505e-15,0.014062588031842793,0.8431045049801469
0.016623752188031773,8.747539936848625e-08,0.454648133753631,0.7379367160028778
0.0013226113701113643,2.3000890081448233e-09,0.006246415615205336,0.887101789994631
0.034448670903848774,2.21938623923279e-07,1.1709111133135366,0.7819178529898636
0.000627024012219873,2.1234747293874534e-10,0.003288575078041589,0.822278187959455
0.0002970146588289445,1.0180336573739623e-09,0.0035154706099760347,0.8571288150269538
0.002533188203197544,3.87881371466392e-09,0.013275984016059894,0.9266888159909286
0.0004447244984064409,5.002043224067165e-11,0.004994344371239023,0.7913192029809579
0.005127923121978974,3.9030787490901275e-09,0.034533519996202244,0.875690686982125
0.0010844094780312254,1.2987946718112653e-08,0.03501298393477548,0.8141833089757711
0.004860786881251797,2.042277458258468e-10,0.01909842808393769,0.8863254919997416
0.00019918012066141752,5.531202162956106e-10,0.001066038843513084,0.9390377670060843
0.03431578107962112,9.768186259861977e-11,0.83241123084807,0.9707534179906361
0.0020656404745737485,2.765805362514584e-10,0.01102170331810548,0.8374318669666536
0.0001069968724997216,9.80223902047328e-10,0.001543506763509228,0.8439320359611884
0.033453532226457056,7.855915029608695e-09,1.309045431840456,0.7673416770412587
0.0014506108452872542,1.2060361598287272e-09,0.011010815756661074,1.082348822033964
1.9355264171952783e-05,8.436735754457914e-10,0.00022641098609987864,0.8865264170453884
0.0016051436334636963,1.2842157559589396e-08,0.05894718716904279,0.8162314490182325
0.003559249906817721,1.8478729657545045e-10,0.044681182946646913,0.893284790974576
0.005622871337489275,1.4463594766311871e-09,0.32603106904010204,0.8443403110140935
0.0009340815091613827,3.2660096849213005e-11,0.009971897136137997,0.779924091999419
0.03301619161168145,3.001225934440299e-10,0.4776768770604001,0.8787169490242377
0.002925315008646343,3.077072818769011e-09,0.07557883514397545,0.8161831360193901
0.00043429979250811726,1.2022525197608047e-09,0.006278245921349068,0.8086821670294739
0.020974237775936967,6.167814170510155e-08,0.47897399792330475,0.7883978839963675
0.006087499634928982,5.6018016891812294e-09,0.03845364317126254,0.8126572360051796
0.0019486682053372374,3.2114790826653916e-09,0.00993869954756832,0.8494198209955357
0.00043814204648136187,4.0395597977749276e-10,0.005254882925704862,0.8161272470024414
0.0006689389893164956,3.298481487945537e-09,0.010432947551976213,0.8247098089777865
0.04000653017020624,1.7071798197321186e-08,0.9704277742426548,1.2447362230159342
0.0002550320426209972,1.1265939292570692e-09,0.0010838587570951574,0.7664195660036057
0.017203538360208073,7.068534380039182e-08,1.555320333886769,0.8088574220309965
0.001904646905724584,0.0,0.01750073179366396,0.7373685369966552
0.01425765479123189,3.001606074803931e-09,1.5631846373284812,0.8049034649739042
0.00038423682037539016,2.6487434467981075e-10,0.00249043605432675,1.0543594330083579
0.0004975614845156677,1.6290258031403937e-10,0.007325393809884062,0.7929692710167728
0.006055751690725061,1.9234835946235762e-09,0.04890467366548279,1.0739365180488676
0.006266087220427719,2.4915003393743973e-10,0.09783799183963637,0.8696218059631065
0.027321528267057176,1.5978567802221733e-08,0.49956381042923326,0.7465268630185165
0.001493010490542876,9.298926073597613e-09,0.005043549505245437,0.9816190620185807
7.426649657710921e-05,6.05425043431751e-10,0.0010601415345199428,0.7470194729976356
0.009495108060448149,1.8395331480292043e-08,0.970923966614567,0.8062554459902458
1.2637574664018476,3.738128976138455e-06,4.416839913441848,0.7253500639926642
0.020183552806328775,1.497883417300727e-08,0.8177077447849133,0.8066541450098157
0.01098596322436386,1.2328923659765678e-08,0.19044835771559043,0.7863542810082436
0.0004003749166067671,6.616218684030173e-11,0.005675110936703476,0.7343797059729695
0.0013930865649215691,2.0205206396894937e-09,0.007155269900309236,0.7902682570274919
7.254150252582677e-05,0.0,0.0019562630405722814,0.8152333589969203
0.0032719230154076946,4.047300450338298e-08,0.09878619994398363,0.7712245029979385
0.0004643398024873981,4.130487951670148e-09,0.0016362337957911421,0.7429959950386547
0.0013531505081301712,7.764327847326058e-09,0.03132865495058823,0.8092636709916405
0.006502963534373839,4.008740006611333e-10,0.05551903414890802,0.793116602988448
0.03803315454136926,2.8961839149133084e-08,1.3242489249356346,0.9340964310104027
0.004965411809374681,7.301963478312246e-10,0.040061276873876395,0.781161098042503
0.000643427436980917,3.0258462402343866e-11,0.0025015500822114234,0.8399869200075045
0.026645592618028475,5.0055289690931204e-08,0.5094115034514175,0.7976561510004103
0.0009311605218877406,1.3229097817202273e-09,0.010576230468169356,0.8591320709674619
0.0067818422991297745,0.0,0.04353825677708123,0.8611426100251265
0.0008020508098165215,0.0,0.004882481574194131,0.7598837870173156
0.014978371079945721,3.7267276198349464e-07,0.4256768653114733,0.9037005929858424
0.00603794630742156,2.1725227838942374e-08,0.38309778470432043,0.8179241369944066
0.006814334526209412,6.238222738375043e-08,0.026089774166035085,0.954572818998713
0.015251189852234392,4.0600056649964245e-09,0.07743771454020276,0.787744102999568
0.0005367710771164023,0.0,0.007996745585581166,0.8231730830157176
0.01114984376484105,1.8405774682150877e-09,0.04752560030362574,0.9341532140388153
0.006731465847661636,3.471035014968038e-09,0.12985067086643376,1.0100662059849128
0.00033443910518976793,1.324723442053255e-09,0.0011875762847406435,0.8757241700077429
0.0011445668375694954,8.998171097118757e-10,0.015166642304345501,0.792283114977181
0.0005775924230944852,0.0,0.0027741631996107685,0.8788536349893548
0.0011977698424377168,1.2241319069516976e-09,0.004085700364679923,0.820735217013862
0.0022223679460269498,1.2530776416497247e-09,0.06488645243507563,0.9113341130432673
0.0031088537753499886,1.4867289621633972e-09,0.009025416997234359,0.8762791579938494
0.021062809814808715,4.182849622225149e-09,0.09916149812177366,0.8967871040222235
0.004186739587862859,1.6035297534244819e-09,0.02118768232740109,0.779051891004201
0.0003485473329654428,1.0742535749841409e-09,0.0021792395005988396,0.8986788610345684
0.017712947119196933,3.48494921809106e-09,0.6653269198134204,0.8856856789789163
0.03212711379420232,5.299088332577639e-07,0.7007696508795789,0.7892607789835893
0.003846370535536002,1.3962520029053849e-09,0.014061679565884333,0.8533299939590506
0.00016493900858523294,3.667217640668241e-10,0.0020984830878010285,0.7552633419982158
0.0006412180384150121,5.291038718269192e-10,0.005169176210104709,0.8749768660054542
0.05840761190625736,1.829101066164185e-07,1.497914435380224,0.9520920130307786
0.0015460542083517773,0.0,0.005724853200003821,0.8116240509552881
0.0017261797055367946,1.248245951046556e-11,0.011775774541117556,0.9020000130403787
0.0012661338947012161,8.914238236457095e-10,0.004585424929162585,0.8378622280433774
0.002306223917831563,5.220002208261576e-11,0.01447671736718803,0.7995488080196083
0.016647218124473083,2.426867773408503e-07,0.8338880340935351,0.7689240230247378
0.00019463233847776332,4.921574259242334e-11,0.002921072539939118,0.8197531659970991
0.009603463777860215,1.772288982238024e-10,0.08479493368655255,0.9111455850070342
0.009381048385844182,3.2557885276673915e-09,0.024109190329593133,0.7420064759789966
0.0024454240130616723,1.0933146299407781e-07,0.043048721755937436,0.8892055429751053
0.010993033390513395,6.57799645864543e-08,0.21380419020582941,0.830191596003715
0.00911931149449867,9.579999016295915e-10,0.2586741543932707,0.7887864710064605
0.00039567098919394104,6.939444574527442e-10,0.0028956243825017935,0.8713566749938764
0.0034984022585594224,1.4473851450702568e-08,0.10583822162574563,0.8950042659998871
0.0020110780903572086,5.051035145697824e-10,0.021424589053797405,0.8364463690086268
0.005980207404582513,1.574444894458793e-07,0.5598856679914039,0.8017345060361549
0.008053447915582901,8.597531575560424e-10,0.03548674962204146,0.8825624479795806
0.00014787482519151642,4.747562343254685e-10,0.00221716858149712,0.7896899500046857
0.001763355218352141,7.291944825738028e-11,0.017390075148414397,0.9218582959729247
8.26664646385679e-05,2.823377087679546e-10,0.0014860139801413652,0.8480800490360707
0.009581756296907027,5.1236947129496e-08,0.20999912906621532,0.7544213570072316
0.0027699359484604303,5.057042784528676e-09,0.08720779843337922,0.8262718410114758
0.02304813036228836,3.64256607099378e-08,0.45995992940018304,0.8926202889997512
8.809044771505847e-05,2.4442492474463506e-10,0.0011968287769530406,0.8640502070193179
0.0007677296454446029,5.271861169831027e-09,0.002510905826078158,0.9048624139977619
0.0004992066034001138,4.3355719014925853e-10,0.0037310052436758667,0.786756873014383
0.00072688317925491,0.0,0.008600529597153184,0.8671120770159177
0.003678331036966519,0.0,0.06471856436257895,0.7791780510451645
0.005017306496768967,1.0079048706757021e-10,0.12378236363793782,0.7782466210192069
9.51685319953842e-05,2.6270040365261593e-08,0.005454261573493824,0.7757599640171975
0.0039031553111268493,2.5678108528381927e-09,0.02696009572828828,0.8603368930052966
0.0027276002760670175,4.78052051278155e-08,0.1857733530985861,0.8063772169989534
9.496232560652386e-05,4.6050629975979973e-10,0.0011251207028024623,0.8029766460531391
0.00037801637399295684,2.483577787870672e-10,0.0022601347441000286,0.8844974549720064
0.00878899563005325,1.2260503723382499e-09,0.31946300253563464,0.8177834000089206
5.083916657639062e-05,6.35573371710052e-10,0.0009262515338601673,0.8058020370081067
0.014374988502658026,2.653486319559306e-09,0.1458312099516892,0.8565946849994361
0.0007240656637356169,6.073790359550912e-10,0.010190853952195766,0.7495153819909319
0.002622271340626566,1.183888542755085e-09,0.01473861622259065,0.790695447998587
0.005943140461875064,5.067690267424041e-09,0.05074799127970131,0.877529589983169
0.025015904991426148,3.6346685661214906e-08,1.409721764009321,0.8242105680401437
0.003236203618438571,8.705516307827565e-10,0.09909090844626434,0.7727060290053487
0.001706836188626344,1.1290630652638356e-09,0.00427797211318115,0.9320040409802459
0.00011826316982007992,1.2273932981088365e-09,0.002616458495577234,0.8424251400283538
0.002007097015325329,1.2818594186114751e-08,0.06439918745487105,0.8600426550256088
0.0003221627327613292,3.723545916045623e-10,0.002155294908291694,0.925061777990777
0.0021201006453357746,2.7864423657320003e-08,0.139939143359042,0.7583431960083544
0.00061554143983804,4.227338479267928e-10,0.003930902807695702,0.9019158910377882
0.0011692162121502015,1.3420908828720712e-09,0.01270270285754016,0.8810654179542325
4.989074248194121e-05,1.3885070870855998e-10,0.0006260112275544572,0.7545259009930305
0.0005904752827316752,1.4126170455597276e-08,0.020357536384878472,0.8762787139858119
0.0010453279755416954,2.0183019699970828e-09,0.005163005676715571,0.983519415021874
0.0026721390833812976,9.887108021189306e-09,0.0882902061997477,0.9678092820104212
0.01646429761528955,8.452573752038006e-09,0.24977645143868799,0.8120696939877234
0.004682688655002978,0.0,0.015322620379935259,0.7600386689882725
0.0012713297273829547,1.4496848166345444e-11,0.006179338141272694,1.070587573980447
0.025607161890239854,9.483955665245958e-08,0.7390450247919116,0.9621178639936261
0.011626588993013434,0.0,0.09301458419899866,0.7335810849908739
0.01824911745494166,1.745572575373444e-10,0.19602555016649958,0.7611574999755248
0.0006416130725540512,1.8207657603852567e-09,0.009098879842586172,0.8269158999901265
0.00013936023700877458,1.3061551840110042e-11,0.0010237613956913805,0.935621410026215
0.001398903092544199,1.2206511357248928e-08,0.04839805499362981,0.8052172209718265
0.0022184770306539993,2.8988367262172687e-10,0.01600318954877622,0.8103153249830939
0.0018656540425406609,4.967144917600308e-09,0.00674150621352787,0.8670190050033852
0.00028003788243933305,4.972733336217061e-10,0.004395886896324086,0.8408789649838582
0.0016805094481534195,7.620528208462929e-09,0.05739100649352835,0.8117383010103367
0.0015896155965225821,4.946585363541089e-10,0.013297598713535308,0.8238766259746626
0.007180818545076714,1.1444281966532799e-08,0.22049390920667555,0.7504856250016019
0.011993553450844553,1.364884401056088e-07,0.3580541193274094,0.7989888460142538
0.0030050898796784185,4.6906478701203014e-11,0.14829902339243795,0.901930860010907
0.0012750063601284958,1.5279209009122496e-09,0.03174126078459061,0.7488858959986828
0.00025075775302313213,4.979483492206782e-10,0.0024499662820254287,0.8514001820003614
0.0003000174467387543,4.707629841504968e-10,0.0022735274605896194,0.9001650339923799
0.02890978607750963,1.3632757145387586e-09,1.2020269358775213,0.8404952060081996
0.0003871247111183987,1.4624834676624232e-09,0.0030104075974630717,0.7992418779758736
0.03347941869345633,2.2285015273126874e-06,1.3803766206470165,0.9612617830280215
0.0038760792789665835,1.5958683263761486e-09,0.024235966534508435,0.8903802749700844
0.0025385125647874153,1.1911378550166773e-09,0.07845622450307133,0.768557422037702
0.002675600203620171,9.421601276926594e-10,0.03432979121332913,0.8485870200092904
0.009611837843916513,5.615605758180209e-09,0.588775560499343,0.7424292580108158
0.031445117101429006,1.6282185200111599e-07,1.3363114908701732,0.7751869559870102
0.009898693965825545,2.7229489774072135e-09,0.03499114143754767,0.8373333550407551
0.014262872009826677,4.504749995248858e-08,0.7006963695887745,0.742265226028394
0.006194815784126768,1.7021630327462844e-08,0.1342046170257074,0.7868400100269355
0.01163124900771366,1.5829009214485268e-09,0.05478682967450865,0.777808312966954
0.001064606330516031,5.462457153271316e-10,0.016045643332185833,0.8267302159802057
0.02085340032071048,5.261862590089095e-08,0.419378235015337,0.8184469590196386
0.017772304274939754,4.314550494655123e-09,0.22432459602056554,0.9418858510325663
0.00025148893774607184,1.0240448489184928e-09,0.0015247545173551202,0.8689970509731211
0.001293524886740878,4.458311053667785e-09,0.0063298620073304335,0.8535840200493112
0.0005567091276881823,5.724665186335187e-10,0.003254200054987777,0.7488447439973243
0.000243469043204754,8.418172825486181e-10,0.0036884734549360587,0.8699659609701484
0.026634361243511217,1.4427504346770093e-07,0.17916232245783803,0.9914159309701063
0.00043585281918797974,0.0,0.013843647483474442,0.8414438519976102
0.11628149108325307,3.782883339908949e-09,4.109139062865374,0.8805719329975545
5.6633916404275755e-06,0.0,8.875062199287242e-05,0.8106635750154965
0.0025000045494240905,2.2976411884201298e-09,0.012949872966441234,0.7763656260212883
0.007393111234796436,2.645759167307915e-10,0.08446664995909359,0.8234209660440683
0.02064558128907831,4.526111041514014e-09,0.6367102155819566,0.8083262729924172
0.010731972474186885,9.130385336675317e-10,0.07501338574537542,0.7512795859947801
0.006777751114081801,1.601660670758065e-08,0.04994753654144013,0.7450682689668611
0.03554837705970553,1.1555307999344677e-07,1.8620593077219212,0.8805937360157259
0.008929090579521265,4.293426592028027e-08,0.35915368083222177,0.772995795996394
0.0014671336902117292,2.141451460602184e-09,0.10496721913680851,0.8255705959745683
0.0010830704465262543,6.3973732977729014e-09,0.0075057027497482665,0.762192067981232
0.005227469520684305,2.9500029086193535e-09,0.15268769187528264,0.731388006999623
0.0021039405521659613,6.965400700664759e-09,0.054701790328179456,0.8213908009929582
0.007037272238806638,4.6426922750697486e-08,0.1956003428566504,0.8336646050447598
0.005280430648128382,2.7677415914695302e-11,0.03054409175164352,0.9453991830232553
0.00015086048940875577,3.2035831765142575e-09,0.015748267397004412,0.8223354300134815
0.0010533499786926585,7.490772446772098e-10,0.009724425498788491,0.9816935159615241
0.0043361475613026956,5.30481116811643e-08,0.11362772111600705,0.7402815789682791
0.014064178013499351,2.6870514702181936e-08,0.6563682554016488,0.8206666670157574
0.0021825660887872184,4.0114223054388276e-10,0.018888092090781683,0.7884652889915742
0.0073497193462783465,3.8052938577948225e-09,0.10192894640578842,0.8456629849970341
0.008363029826610087,2.886668681867377e-09,0.03492618314999518,0.8476300049806014
0.00779952209229037,7.942670521288164e-09,0.05741254514804339,0.835324662970379
0.010770628398039089,6.7898451305836716e-09,0.4618851519145757,0.7836713180295192
0.016433740712515802,2.456872039147129e-09,0.07114355607799538,0.8242862889892422
0.020277216532446615,3.486505306682375e-09,0.2864516917395843,0.8513332899892703
0.0005450579478084274,3.3378100283698586e-10,0.00369540082388653,0.8534691539825872
0.00323219587046202,3.709672569129907e-09,0.028291038780746902,0.9998176000081003
0.0076341861806114766,6.476946978750675e-09,0.14471637234295187,0.816051806032192
0.0033356614612760015,2.5149660132228746e-10,0.03477682347232225,0.8795806110138074
2.7077379654650777e-05,4.4841996782452043e-10,0.00035330902785801754,0.8497854170273058
0.003928090563760167,1.0298570884970104e-09,0.010972094986390957,0.8644799750181846
0.010853812729519515,7.514618260984207e-09,0.039295594031841574,0.802302140975371
0.008406926803553837,6.664571117198648e-10,0.20423146923007884,0.8097691439907067
0.021075579101740037,3.482439048241304e-08,0.07849487318761561,0.8611565129831433
0.013174886082047168,8.662699002570662e-09,0.07456601120495954,0.8030745919677429
0.0032086796101724767,0.0,0.04864762873484807,0.8481010569958016
0.010067705829960782,1.102775891936858e-06,0.5588814908599087,0.777195600036066
0.00040395954024538517,9.525926714104571e-10,0.004530440370938749,0.8075522520230152
4.38572755237867e-05,3.4582470220811956e-10,0.0005065493306339874,0.7418228070018813
0.0011321311443200353,2.773248297671671e-09,0.003842139575571224,0.7948398820008151
0.027828545916842324,1.0228828628555675e-07,0.8227789549907243,0.7553114490001462
0.0025798000268917286,3.872777654123638e-09,0.009900133380583043,0.8962497150059789
0.029817770750121753,2.207801763631778e-08,1.5244081578784368,0.7870095709804446
0.009875531306848831,2.671761478723056e-09,0.10925610584838275,0.9934163549914956
0.0003393768882786554,7.513918376389483e-10,0.004656451190612643,0.8198268900159746
0.0013540506166045644,2.3621176126198407e-09,0.005031632820070797,0.8970895030070096
0.000782151809345337,6.685958453545027e-10,0.0026817619793781944,0.8110868199728429
0.0032028281113633205,1.1255725240744141e-09,0.016170554205000798,0.7908520189812407
0.03202065822322463,1.9681984042563272e-08,0.519907795656458,0.8476394910248928
0.0006115644187623791,7.104770105570424e-10,0.0035648314108502888,0.7966308620525524
0.037431700161876025,2.5717914020617627e-07,0.9820470263355716,1.0330031589837745
0.010399395408601433,5.286366899781569e-10,0.2956751129999162,0.746860892046243
0.0027329147782047874,8.941160700715045e-09,0.048182026260588984,0.7874046970391646
0.006178784831521002,3.062885411964089e-08,0.2852401243969105,0.816063889011275
0.00011445122095944046,2.716049607442983e-10,0.0015680707994256693,0.8677556680049747
0.021433520904094634,2.1042140474492044e-08,0.46740164656887195,0.8222974740201607
0.024087539240051144,2.2557706813586265e-08,0.993589962376074,0.7580303709837608
0.008474680484106467,4.4291237344395995e-09,0.4749474845804347,0.9023590349825099
0.016521594520132493,1.1347275119533151e-08,0.2992433687566969,0.9707520749652758
0.03555352388275322,2.4455304625803365e-07,0.6798421064019387,0.8234961740090512
0.01509006621145495,2.366301998790732e-08,0.40271383922959814,0.8677271630149335
0.0021342429203814557,0.0,0.015678151298622822,0.8197429570136592
0.0015524367572203174,6.866139656835912e-09,0.005656782661066728,0.8597534260479733
0.00042468426299523273,4.072084891504346e-10,0.0021697268768861022,0.8863110899692401
0.002168843944177494,0.0,0.02166196681587884,0.8641168129979633
0.006697431552140927,3.7540248243317365e-08,0.049974929802152346,0.8097662479849532
0.017272474202289893,4.805531972351673e-09,0.8602786679549883,0.9392097129602917
0.013384190025018793,1.6478376707595999e-07,0.7042920816928238,0.8718377600307576
0.00020577401839925978,1.2601617527252529e-09,0.001017786586254843,0.9246213990263641
0.028129601434173097,1.9577356624722597e-08,0.4926564888513507,0.8540098819648847
0.0004793872783610782,6.500933125153097e-10,0.002878292366887081,0.8448685070034117
0.00018936791084315404,3.169144946468805e-10,0.0022019847391305802,0.8130098169785924
0.0014558289826426339,7.793907741415751e-10,0.008687051214032238,0.8845458179712296
0.00042949153907972243,3.943360837865839e-08,0.02043239170149036,0.8006702829734422
0.03930711466679933,1.0857217169757405e-07,1.2829602039403731,0.8820468159974553
0.0004605806369643948,3.773266143980436e-10,0.0057344381382229415,0.8742283930187114
0.007621388052539285,7.800089463216864e-10,0.08210544837247014,0.8308224800275639
0.00015925644130616035,9.063896300176566e-10,0.0025017684023662667,0.871722101001069
0.007089318219305582,0.0,0.025124449520234293,0.8067237999639474
0.0029671936232989688,1.4303758177902637e-10,0.02337915453613526,0.8161240940098651
0.01868336926859849,5.249439993804117e-09,0.7009610922920597,0.9555997619754635
0.000621588623168258,1.501790691804672e-09,0.003338269889972878,0.915495810972061
0.00441118277563843,1.9741541734674684e-10,0.038023929396391765,0.744503662979696
0.0037599880511105235,2.5069937237276463e-09,0.012444499711575574,0.771402886020951
0.00014974751994417356,7.198153184617695e-10,0.0027289642594858776,0.7925474669900723
0.0027770818534272367,2.2568720225990546e-09,0.02430301895579845,0.8275110630202107
0.020230740042003297,1.0506880698812893e-08,0.23030797846547912,0.8003870919928886
0.002068091869943363,1.1731096094536042e-08,0.08060420627965925,0.8111738180159591
0.00013553183583647521,1.063753529706446e-09,0.002516106920474215,0.7998376860050485
0.0010801176944612416,4.0729553063556523e-10,0.008435997988515354,0.8122167169931345
0.001072261399507024,6.265832297458473e-10,0.009627081684319805,0.8833539680344984
0.010712970012467004,0.0,0.03434585155998349,0.7779074989957735
0.013863093827150674,8.344587243414026e-09,0.2731006464562391,0.8700485430308618
0.04097350966464811,8.827388597865138e-09,1.0113530134776383,0.7685017029871233
0.0017758968368509847,1.2536389704109752e-09,0.031456813877341006,0.8652587370015681
0.005752486848447062,1.380222158786637e-09,0.11665698679430392,0.9050668280106038
0.00997850281926525,2.321865011367663e-08,0.150482277315092,1.0309753749752417
0.0010565188410352068,1.0013984308443469e-08,0.03805759989742086,0.9095665029599331
0.009898566743185035,8.46707770563171e-09,0.3468047831370722,0.7904604520299472
0.003618609637520539,9.141356116515453e-09,0.027301886586322155,0.8113483670167625
0.0012728627512598903,2.6975932598816144e-09,0.004550105907460633,0.9432933779899031
0.0038905878236758043,3.368780809864802e-09,0.028232367002836156,1.0109905800200067
0.04928141408912699,1.0279176620997532e-08,0.6014166267084065,0.881708114000503
0.0018292726122360295,9.922782595594981e-10,0.019385768512712787,0.8581070589716546
0.0010883355899576458,3.871360121365797e-09,0.04693169809229225,0.780360245029442
0.017422948842033242,0.0,0.08546850576500375,0.8747708459850401
0.00349525558816524,5.3813966616189646e-09,0.014435263517432517,0.8464507339522243
0.004848306567673622,0.0,0.0502994228073419,0.8589098580414429
0.013852021198041048,8.480216351358649e-08,0.5564991793455789,0.8948111879872158
0.000927312615793386,7.441158800247649e-11,0.00719169003861353,0.783608301950153
0.0023506743951736946,8.947681706672483e-09,0.06712422962417897,0.8091584360226989
0.02062135156784874,6.500751936755478e-09,0.3201076414425348,0.9427907940116711
0.003955132690505456,1.838879271076621e-08,0.011296296295748576,0.7802388409618288
0.0030713877102220444,1.3797674114357505e-09,0.29435658344311477,0.8453868349897675
0.019806225548961248,1.922045562707808e-07,0.491702168036646,0.8729800159926526
0.0011783486126584538,2.4544597465592233e-09,0.049571596457235856,0.7635033850092441
0.0019814241563278143,1.6607799580015126e-09,0.00767477234944991,0.7446920250076801
0.000631108055104886,9.201936990166359e-10,0.0048429165693200105,0.8223272750037722
0.0015367803441753976,0.0,0.013542355242842419,0.8433788639958948
0.0009176335202838806,3.165110840086527e-09,0.008110132014403248,0.7830255820299499
0.0004876157381546082,1.377923553036453e-09,0.0023008425533337373,0.7783171120099723
0.002160256827282952,1.1690399759345382e-09,0.015597085203090444,0.7365700340014882
0.005220900719914166,3.872457909892546e-13,0.031622252421549035,0.8322468739934266
0.0010174002041817565,0.0,0.0036041546247389533,0.9200695900362916
0.007263196577919293,1.7269409013920267e-08,0.08617269988567955,0.8008530280203559
0.0003924542810964063,9.818386104143428e-10,0.004618865310032305,0.8908028849982657
0.0006365381999588905,1.666435878178163e-10,0.00386472696398954,0.9288501210394315
0.0003329601971056525,7.935447854379163e-10,0.0022208413812929706,0.743202772049699
0.02260833395051685,7.026837778312256e-09,0.563420368287403,0.9515292209689505
0.01061953204552396,3.859284447571554e-09,0.253240017707407,0.9212103469762951
0.001352531953582917,1.798586524159873e-08,0.02119761791936625,0.8335720460163429
0.0033151029627837897,7.620343112080263e-08,0.08071674275110041,0.9064211319782771
0.010637043023807477,1.3339445104065817e-09,0.09735944602146773,0.8622521659708582
0.0006598438844045956,2.6208013537143415e-10,0.006263781495968956,0.7737746330094524
0.0007400616218858777,1.6799308610870867e-09,0.0032762892092996765,0.8861682279966772
0.0011108244812432833,2.48272513658776e-10,0.011383252637918062,0.801118845003657
0.02299410080560913,2.7848390260487577e-09,1.0816495401859925,0.8534941989928484
0.011338348065053619,1.5260415153761642e-09,0.7312142229520013,0.7571387639618479
0.002748025138424659,2.0247092891167995e-09,0.011895954277484577,0.8423347609932534
0.006581873070434835,6.605956492933274e-08,0.4116579301533321,0.797249135968741
9.116854595119378e-05,6.123102025412663e-10,0.0010903701341558047,0.852927069994621
0.003647441937826959,8.477810453655366e-09,0.028165896452453154,0.8839768859907053
9.903257926898827e-05,3.212328181234625e-10,0.001861708738456258,0.8181678029941395
0.015339387043441812,4.2657433141357615e-11,0.0949804884982477,0.8833221539971419
0.001045678461932827,1.1432277347012132e-09,0.0061448193619249025,0.7514567569596693
0.0014257049439524907,1.8311126837033953e-08,0.004875637069801542,0.8815921240020543
0.013899459916527246,5.2072767431354805e-08,0.7675438615283383,0.9850876790005714
0.011871708839977164,2.1399014116241233e-08,0.05653171887268016,0.9532103179953992
0.002503771919701489,2.430692092048048e-09,0.00939454875885204,0.8775461640325375
0.004212733936596083,6.142997222013946e-10,0.02601316541151455,0.8266957249725237
0.04617553522249492,7.970658444378387e-08,1.8489390902572076,0.8867602449608967
9.684624293440427e-05,1.8675017088298773e-10,0.0015124849653496142,0.811991400027182
0.0018584759861620572,8.526185979462753e-09,0.040228104722343616,0.801141612988431
0.0026946997766228403,4.165521261256799e-09,0.05843825093175781,0.7866758249583654
0.002807117581336509,1.4872828302259222e-08,0.07325972070894693,0.7891213049879298
0.0005784338893915396,1.062826271436279e-08,0.01140369036750144,0.7567627290263772
0.0002688829140197479,6.59250432022418e-10,0.0029692996902532798,0.9830933599732816
0.00020305988449604225,2.8194335754960775e-11,0.0019432266340491111,0.8555735640111379
0.001551847509450153,8.412470720031706e-11,0.021103309325468445,0.7558289130101912
0.0008292280000129114,2.1302604125139624e-09,0.0065931469982434265,0.7752037390018813
0.0013779686503784042,2.3496614431905982e-08,0.0620670069952034,0.8472689110203646
0.0012300660461966502,8.170673027052544e-10,0.00594197547841091,0.8648216790170409
0.0005170743611377919,4.1172754094986885e-10,0.006831652267585753,0.778170762991067
0.014239756860150343,1.8589954464687253e-08,0.28100859312866966,0.8047105589648709
0.009458608060584895,6.159598342492245e-08,0.24339825221447597,0.8850937740062363
0.004853400200882159,4.042025381068015e-09,0.04061329531764102,0.9025300440262072
0.00048394500424624626,1.0781437964624274e-09,0.006079911157470974,0.7609527459717356
0.009302199785810811,1.1212234696245105e-08,0.27721778079169823,0.8282989319995977
0.0012095362023506844,1.7429613308195258e-11,0.0043238368800988525,0.7980157809797674
0.007664623614501073,7.171845339826177e-10,0.0999740358212513,0.8028899030177854
0.0305919919907504,1.0142651163391747e-08,1.7571447461473504,0.7576700019999407
0.003982592936210604,7.977972771300301e-08,1.746372547070715,0.838668245007284
0.020967293319757153,3.969546469306806e-09,0.4409646592475731,0.7954825510387309
0.0003107248017680187,9.027978364883893e-10,0.0010455700585350058,0.8377125330152921
0.02491283380924351,2.5303590689418343e-07,0.5366306850133142,0.7542793559841812
0.0008055583890722674,1.0272861672433464e-08,0.04012006876626195,1.1197357900091447
0.008206713909973334,6.77779610214202e-10,0.06983284762183573,0.7915375919546932
0.005365960772595706,0.0,0.016770076459508232,0.7952793770236894
0.010051241323230337,4.598639691266726e-09,0.6007977396628092,0.7869667800259776
0.00223781121915641,1.2333049781432237e-07,0.08704663767809606,0.9613132039667107
0.002624366628144536,0.0,0.031371772029693545,0.7873450980405323
0.0005120451070842198,1.0760352608940593e-09,0.004131520178214387,0.786902635009028
0.009205085399234206,0.0,0.07680753246555838,0.8772880460019223
0.04207179545388155,2.7571758209887776e-09,1.6739796833282128,0.8102632259833626
0.0015640526589406282,7.626638875990466e-09,0.02342303019244696,0.8041132969665341
0.0073063950713748525,1.810333216667459e-09,0.060391159313883946,0.8176131159998477
0.0018714593375190956,3.9462477730012324e-10,0.06825515938081317,0.8487100829952396
0.0012497314417827074,1.3495338180291583e-09,0.013091352493376007,0.7862205620040186
0.0007111883629340388,7.164153714711574e-10,0.005869797851840275,0.9810552520211786
1.4846188791318646e-05,4.778986095743676e-10,0.00022312960070891563,0.9183586309663951
0.007955390967260239,7.469633800383235e-10,0.03663398694828146,0.9843412389745936
0.008593554307827055,2.6768477212613107e-08,1.220835899045822,0.7906335400184616
0.003152032878398979,0.0,0.033817885796295855,0.8439875470357947
0.0003344870948110767,4.403659659146797e-10,0.0046034571143103165,0.7775595730054192
0.03889655736932971,6.030432802006658e-06,1.4869213333326492,0.7724291480262764
0.004167194585482736,3.878767529386096e-09,0.013218001980307648,0.828420885023661
0.004601167345564794,1.6260610635754347e-09,0.030014054594861506,0.8339780870010145
0.002165403453756975,1.8051338201985345e-09,0.06980141110265947,0.8690527160069905
0.00291751109919887,7.95509436102293e-10,0.012125620381937097,0.8937034879927523
0.0012543575082745143,1.1435261626502324e-09,0.00810022941696431,0.8355714869685471
0.1287629713653466,4.5984076990635003e-08,1.355227837511224,0.7671960950247012
0.004779375681132572,2.706391555307164e-09,0.019368461890818978,0.8496608869754709
0.006325440006013065,4.196346914397964e-08,0.5507246952869522,0.7885447699809447
0.0024883086649426954,5.833223681861455e-09,0.023661178148172368,0.8218188930186443
0.01924759859689625,2.8422745046441378e-08,0.5827192136299075,1.0185262780287303
0.0004675010688167454,1.345631162052996e-09,0.006947856029633215,0.911300815991126
0.001133548888576977,2.7916726708099304e-09,0.004245269721479872,0.9015357199823484
0.00012392938443793016,0.0,0.0005908066018278646,0.7380999530432746
0.001319808897390235,1.5961223454041829e-09,0.016065823397553913,0.8250772269675508
0.0163047119871004,2.042908064936455e-09,0.37306278433247186,1.0031199440127239
0.0006227687786345773,1.1938929844745871e-09,0.003932956249890651,0.8473731480189599
0.001573490771954899,9.367591857767366e-08,0.061431888170080384,0.8253922699950635
0.03970905161263491,1.5107891826460218e-08,1.76918776156052,0.7841685629682615
0.565967155591989,1.2430553137932066e-06,3.460809845505917,0.7516697379760444
0.014961993800583096,2.70637389832018e-07,0.3344853444999405,0.916499343002215
0.04690563358405453,3.059135877947483e-08,1.80318685889333,0.7422351690474898
0.005905740746095135,1.67092935043911e-08,0.3005955578201487,0.8002951209782623
0.0007331119632682598,1.2582411557104933e-08,0.027059849922794754,0.8476538939867169
0.0037039419713484527,3.031324524727097e-09,0.013153090331133654,0.7905642779660411
0.004219432080200496,1.9139942963875e-09,0.04520612363698895,0.872878345020581
0.005054306116265128,1.7763568394002505e-15,0.13878699350959778,0.7531691970070824
0.0007126035942672932,9.92308457625768e-10,0.002657293527768445,0.7927007130347192
0.010634056494072331,2.665228038267742e-10,0.10482225272085088,0.7794584039947949
0.000209429297693782,1.7763568394002505e-15,0.00799560552768419,0.8301010039867833
0.0030456438403297296,9.961130587043954e-09,0.08545980225180472,0.8256396249635145
0.00012025385542565603,2.679172439457034e-10,0.002082939505520187,0.8082427229965106
0.0007473982531604019,3.994315989075403e-11,0.007736964629692977,0.7649380469811149
0.0044639411866785345,3.655460290019619e-08,0.7752973303311848,0.9522792169591412
0.0035183616378835743,1.1047432302291327e-07,0.15753376409469944,0.8117212140350603
0.0015668791128279022,1.0257313221018194e-08,0.06368542834851176,0.8172400550101884
0.002493360418024337,8.403002738077703e-10,0.01539489033744701,0.9243783949641511
0.00017360893976516508,8.32407920370315e-09,0.00807366866073167,0.7785868229693733
0.00127412360626781,8.58617763555003e-08,0.02192932487452559,0.9291931369807571
0.005309580816807087,5.733031827048762e-10,0.039293990440386395,0.9875260780099779
0.0012497570694926525,5.7064752922997286e-08,0.3036482216962888,0.7693257079808973
0.05011480410525389,7.875829410863844e-08,0.9063358448480763,0.9099474800168537
0.00013649966791711988,6.535749719205342e-10,0.0016087145731145114,0.8569652650039643
0.0002765648532013238,5.297593475006579e-10,0.003257113595390493,0.8221424820367247
0.019500999283142466,2.049243974511228e-08,0.47518696106541647,0.77330785500817
0.005329100432898562,7.889945941030874e-08,0.3342844190989229,0.9419619179680012
0.0030225095844805066,0.0,0.010117427928484801,0.9644507030025125
0.004673450081284105,1.5152782140148702e-08,0.1397676972129176,0.7673233940149657
0.011614950887910976,8.709925225502957e-09,0.07751964316445026,0.929010346007999
0.002658236515023143,6.541363006817846e-10,0.046310228396443165,0.8629598249681294
0.00013300577844825578,1.1195666616004019e-10,0.0007197616404379659,0.8253629939863458
0.008751832156240511,7.803766521874422e-10,0.034650959328075714,0.9077531489892863
0.002838001637816002,2.492754447303014e-09,0.01909662540206014,0.8744625459657982
0.007422970107844651,4.897641403545094e-09,0.02846614010399051,0.8361364739830606
0.06145638234265216,4.693099437957926e-07,1.6962360919545603,0.7403616720112041
0.0015425419573301315,7.879314978254115e-10,0.06750941952571843,0.8705609920434654
0.06652790700807493,1.3498430107006243e-07,0.8477728830763773,0.7660756629775278
8.952782674169317e-05,4.4024162093592167e-10,0.0016468091177443966,0.7758508510305546
0.007910558132951297,0.0,0.30506775185848234,0.8134140860056505
0.004287459776613876,3.5288749700157496e-10,0.061325051624972815,0.8813463890110143
0.07231084501520708,6.794543420340915e-06,3.2774578612666545,0.8171330969780684
0.012871341538889417,3.674938930942062e-08,0.27440841643238834,0.794845781987533
0.010045923352032504,8.95781937515494e-09,0.2711198298006927,0.8846053929883055
0.005776253267994295,6.49372466909881e-09,0.11862738647324989,0.8408058350323699
0.0018635951341030416,9.826770508425398e-10,0.01388862700016169,0.8664517640136182
0.006915863519230754,3.1005562561858824e-09,0.021066223600080036,0.8834655610262416
0.00024397403733965873,4.119584673389909e-10,0.0017228825879129772,0.8768347389996052
0.0011351989618219101,1.7763568394002505e-15,0.020141264200260522,0.7490461769630201
0.003527588296730691,3.059852815567865e-09,0.02193904499155508,0.8444754030206241
0.00018334583325416986,5.313545159424393e-10,0.0025361110200687875,0.7524921459844336
0.00010108270069572322,2.856843650533847e-10,0.001462705735455927,0.8302498540142551
0.0001807764777627254,5.338307573765633e-11,0.0021730385674416652,0.8327958830050193
0.0057193639756537625,1.5542697795467575e-08,0.07970387142154323,0.850853539945092
0.00010742106804421184,1.0121462779011381e-08,0.00913303758013484,0.7621128620230593
0.003135072516462607,1.9522303773555905e-09,0.09248407807114134,0.8351323220413178
2.0386056938385272e-05,1.4780354717913724e-10,0.0003412744755912911,0.8783318310161121
0.017956180865651046,1.8861745942899688e-08,0.4805662403948112,0.9637285110075027
0.022939465086760154,9.9896624305984e-09,0.6182601153518235,0.8764038050430827
0.0026136120118089175,1.3429438894263512e-08,0.008705173174577752,0.8442882689996623
0.001770300541454025,9.74551994659123e-10,0.009394000522611634,0.9482963150367141
0.014841340648175005,1.8249153299620957e-09,0.07789633356891024,0.7342732030083425
0.007231044310603172,3.4050344766001217e-09,0.21470375595547786,0.810515255026985
0.0010654065625559223,8.753794134008785e-09,0.01972334362174344,0.8454380159964785
0.0009416434910993733,2.9092781517192634e-09,0.014512362006803059,0.8605354470200837
0.08461431391863554,4.573134715357696e-06,2.6552383006905824,0.9102061710436828
0.07487625676997131,4.656927412582945e-07,2.760193207286658,0.9288566790055484
0.0019872141594236767,2.9592168715453226e-09,0.008058422198129023,0.8311115889810026
0.001335642210216884,1.8077930263871167e-09,0.017657617677327764,0.8176545290043578
0.017235177976875498,2.3658053294184356e-09,0.38208515629015594,0.8722247580299154
0.08541520536445606,1.5531734121054797e-07,1.7638095097695814,0.7816387090133503
0.0029389526985165405,2.6273916375885165e-10,0.021896649043311456,0.8248343460145406
7.028703581606933e-05,0.0,0.006941695465247477,0.7530547450296581
0.0001968526288301929,6.56809717725082e-10,0.002265584158509526,0.7465949859470129
0.01134347110849489,7.692709047546487e-08,0.3423053103160143,0.7644414390088059
0.01320351822031238,2.1283119977510978e-07,0.8592163823146564,0.9757975419634022
0.017696553584573383,5.968381344700902e-08,0.32356274924867634,0.7496632550028153
0.013669320643567124,6.944524955088127e-09,0.25714433104611345,0.7322550190147012
0.0041116982802201375,5.629685162489295e-09,0.016633695708016205,0.8643155719619244
0.0032704547388329092,1.130445070884889e-09,0.018398866607324038,0.816220570995938
4.886230679566096e-05,5.553566495564155e-10,0.0007123530723394111,0.8423825830104761
0.00011594044602002523,1.1677588673819628e-08,0.009583337515753243,0.7636847179965116
0.004044391483177442,3.732644771048399e-08,0.12309861721340809,0.8030182410147972
0.00015110029982936846,2.362092743624089e-10,0.0008840788760622331,0.9332232400192879
0.00041975054855339816,3.0942715056880843e-10,0.0014696651225634128,0.7959130289964378
0.00738829154866764,3.1360443131234206e-08,0.7006494010995414,0.7724317710381001
0.0006635086535592756,1.3537722054479673e-09,0.0087205042856624,0.801098188967444
0.021583625537976235,8.675037577177136e-08,0.8203148820523332,0.7483625930035487
0.0006997844130446531,9.801492950600732e-10,0.009296813731348053,0.8345495260437019
0.00030073603778964057,9.367457920461675e-10,0.003192546668580931,0.9030487349955365
0.03972139231266055,5.2878736056527487e-08,1.6905148820433045,0.7919547419878654
0.0029393144956052614,5.318771201245909e-09,0.08166333145625515,0.9164398820139468
0.0009383636200556249,2.8395209739073834e-08,0.014525539216283079,0.8321745279827155
1.860617543044639e-05,0.0,8.611903079014382e-05,0.8387804390513338
0.004290995453174682,8.277449836668893e-10,0.19654506216990342,0.787111254001502
0.014996399672771082,6.987010081616063e-08,0.2973655253195684,0.7881897579645738
0.00721946798963864,7.1408905455427885e-09,0.02658827643411854,0.8925853670225479
0.00028508014618145345,8.727845113298827e-10,0.0020959236706517004,0.8744364239973947
0.00495761182544076,1.0420109219921869e-10,0.02195909854141931,0.8511133459978737
0.02099101455435861,2.1708753905613776e-08,1.2999483401419472,0.7488436130224727
0.00015205207155784584,2.1864252630621195e-09,0.005699028623528335,0.8611284240032546
0.011717557290394412,1.5819874832345704e-07,0.2514827824206822,0.7631001189583912
0.001396036091818353,1.75838010818552e-09,0.0046744561342499935,0.8767172530060634
0.018027412156420147,2.7556823845031886e-07,0.29005891901174863,0.8398689180030487
0.001545270272419775,1.040568520238594e-09,0.015703258477515192,0.8239809770020656
0.0002625028940186101,3.011992433243904e-09,0.0013765880998164448,0.8993364810012281
0.004529777952163982,1.6677486058824798e-09,0.02485624329858993,0.8133458190131932
0.0007217251589086753,1.5700738487112176e-08,0.015913425440960083,0.8584553870023228
0.024473094974131693,8.928888313164407e-07,0.9111118024273352,0.7957936899620108
0.005835891770513771,3.394379888277399e-09,0.15396933699588367,0.9030755760031752
0.00031226007458732034,1.241922120698291e-10,0.0028091567088974756,0.8036324079730548
0.0016324849010737976,1.624300693947589e-09,0.020558643812574218,0.8076701029785909
3.786381650013708e-05,3.1464608696296636e-10,0.0003893038206683741,0.920677392045036
0.006516051077382512,4.673863074344808e-09,0.0782397957751364,0.8784503439674154
0.012477598339306149,3.785647351151056e-10,0.0693754875084398,0.7325220369966701
7.285710759448102e-05,3.0619773383477877e-10,0.0010428124738588451,0.8776192319928668
0.0002101749251144359,3.936300174700591e-10,0.0016818618433624977,0.8312416219851002
7.146175366239231e-05,6.620766157539038e-10,0.0032665694476410323,0.8410237450152636
0.0005232083729525313,8.478195923089515e-11,0.0038073061884542625,0.9658530239830725
0.03681906425803906,6.576536669911093e-06,0.99332972780768,0.9013286330155097
0.011853247396926215,8.697412212654854e-08,0.390887934557842,0.7576068899943493
0.0008720855050169268,3.839064177668661e-09,0.0029644021287200673,0.8616510709980503
0.0005253752946527267,1.148814376961127e-09,0.008180099514637718,0.8602961139986292
0.018792034193163724,0.0,0.44303281262341443,0.7744737519533373
0.003557999522510276,8.260672146320758e-09,0.06645158168631227,0.8103649799595587
0.007920196302280493,4.565599454053881e-09,0.024078469995943763,0.7986774299643002
0.042218204705616276,8.760972036725434e-08,0.4220755039011266,0.8160230360226706
0.0015221567870647775,2.4064359394060375e-09,0.022206634929005986,0.9539712049881928
0.0013072698820455746,0.0,0.02236526977343445,0.8775877869920805
0.0001834861439279901,4.0321346261862345e-10,0.002929809765246816,0.756178476032801
0.002345961774787442,1.2921219649797422e-10,0.013481548718553782,0.9007652119616978
0.0015957642152413497,1.168874774748474e-09,0.021352567699407743,0.8637950320262462
0.005100856448180542,1.2088108292118704e-09,0.0638794278083008,0.9381404609885067
0.0007839043706035984,6.324540891000652e-10,0.0052999742805610595,1.0116252799634822
0.0020679682858552517,1.2467703314200662e-08,0.00723552948675632,0.8361355179804377
0.03147687233805112,1.9511642257441508e-07,1.0254009941577547,0.7565425800275989
0.0007569070299655075,5.90204152217666e-09,0.04154307664879475,0.8837256589904428
0.0005699073131469754,1.157051343625426e-09,0.00413716375867601,0.9041992870043032
0.0035709905221324285,3.652289493061289e-08,0.05435461934741248,0.7748233059537597
0.00017003348945370846,6.633502636077537e-10,0.0006664932112485644,0.9534847299801186
0.0042268218489577465,5.447802209346264e-10,0.11135792199417338,0.9363014020491391
0.00029968212592231224,4.2811976186385436e-10,0.0037414628129273098,0.9882873510359786
0.0016587794337193065,5.261462376893178e-10,0.013037040998359117,0.810854916984681
0.008692102042802276,8.344276380967131e-10,0.09752464753981371,0.831524255045224
0.0018158300961241293,0.0,0.015273640385302656,0.8731827409937978
0.00150531260507469,8.489916325515878e-09,0.04478879067868391,0.8897841610014439
0.010104940341601813,3.295105344136573e-08,0.3778152390606291,0.739031946985051
0.0005662125475438786,2.631548312592713e-10,0.008392056166817596,0.8173585460172035
0.0037419024690959453,1.2206253785507215e-09,0.04306178004942751,0.7879490199848078
0.44904537675325695,1.1458213400317163e-06,3.0989261817224865,0.7435227429959923
0.0010302704811963933,2.8393998263709364e-10,0.01262789879286963,0.8907018710160628
0.003924442422185954,4.272566300755898e-09,0.03658843414788571,0.9710864399676211
0.0033679945680597954,4.992770641365496e-10,0.017370250356838923,1.0102860059705563
0.00023741369067954848,1.6462173846321093e-09,0.003389213918389089,0.9112653100164607
0.0010142761008301911,1.793836190699949e-10,0.05745527007899298,0.7572737280279398
0.00040762119691684155,1.3581491487002495e-10,0.005612710018120026,0.8293006080202758
0.007890929406874463,4.794792545226301e-07,0.28476786024822687,0.8374362789909355
0.009077065891236354,1.0104459491344642e-08,0.2605995344930996,0.8692769550252706
0.004890836042790536,9.34413435516035e-10,0.040423010224142075,0.8888456480344757
0.005239441906370065,1.3190037506660701e-08,0.09710287362059944,0.7697770320228301
0.04377120940968853,7.587276584786196e-08,1.9318397372393274,0.7951127809938043
0.006856947119471972,0.0,0.4041894772671135,0.7933941030059941
0.0005130194958415816,6.534577323691337e-10,0.004278785536357077,0.8198992949910462
0.06959206616724307,3.3099584264562054e-06,2.6415733827671986,0.8206222159788013
0.0018447284445866044,1.2905481128200336e-09,0.008027623669846662,0.8116509069805034
0.0002946902580424404,8.551985786198202e-10,0.003608712112285417,0.7777699550497346
0.004457177886155848,2.018804678982633e-09,0.055265956291606244,0.9219525359803811
0.005527725222562622,4.787835568009768e-07,0.3893466089223594,0.7988557060016319
0.003842908824656826,1.134630167598516e-09,0.044858896409149196,0.8594385749893263
0.0039918862685462755,8.894147640603478e-10,0.013764142933757384,0.8669371379655786
0.0006459574733862574,5.4244058134145234e-09,0.008148845345683497,0.8519904169952497
0.055696968001693145,3.278330602540791e-07,2.050119017000741,0.858998971991241
0.0005025113608301014,1.4796466274447084e-09,0.007772669381866493,0.7756565500167198
0.0009172555111883602,2.9795113931641026e-08,0.016415184211235,0.9396660050260834
0.006758817434263055,4.047875279411528e-08,0.6292802569469842,0.991219347983133
0.0034431596201839484,3.208089793815816e-09,0.1026611114580458,0.8326305240043439
3.4064122444087826e-05,1.3317347224983678e-10,0.0002556151761101688,0.8737831250182353
0.0020288727704641627,2.0313741799782292e-09,0.08910834092608688,0.7914171729935333
0.0004233639032547601,5.697771143786667e-10,0.0028330417317228296,0.8290540929883718
0.009290621891376031,1.2672924043499734e-08,0.18762059625799488,0.7833207689691335
0.0029996233524577265,1.5894823235385047e-09,0.06790127986913497,0.7882300710189156
0.000993334592006383,4.872156011970219e-10,0.008560943846404712,0.851138586003799
0.0026053107455755796,2.3592665598926033e-09,0.06528296237600628,0.8412851259927265
0.0027587876326502355,1.2103889446279936e-08,0.01116688895869089,0.7978171420400031
0.00426482146093292,4.425684707598521e-09,0.023843461533754606,0.7456916969968006
0.03476541394729058,2.7591241558155843e-06,1.1236849717517448,0.7639934050384909
0.0070999485359340125,1.100607605053483e-08,0.17281576496867856,0.8665089450078085
0.00038163570968452535,2.62723354182981e-09,0.005959121895372732,0.8014048359473236
0.0047954277145491,1.7855743550398984e-08,0.14599084618528124,0.7851184029714204
7.167136135535316e-05,4.319939961305863e-10,0.0005884003070431021,0.8374991260352544
0.00034096407989957884,2.2584725201113542e-09,0.005151504161077014,0.8930394049966708
0.0015944096663094193,0.0,0.005566717929404774,0.7929821140132844
0.006481939010137333,2.738239857080771e-09,0.05414458876482087,0.7737566790310666
0.0007492119792758903,5.293774307801868e-10,0.008794823125739981,0.8415808500139974
8.325109704798647e-05,5.206413078440164e-10,0.0010612553257036694,0.8282055060262792
0.01201997157500773,2.21920174681145e-07,0.39474536340394906,0.8999158520018682
0.007650651892930904,1.5353283089325487e-09,0.07842439366478438,0.9438591879443265
0.00010493262191022708,9.79886394247842e-10,0.0004899875924877506,0.8415729370317422
0.007712921266851222,7.580371885751447e-09,0.19968548549561227,0.9904060609987937
0.004535459491727831,1.1164900115545606e-09,0.048814121382932285,0.7397227499750443
0.0019401030076423617,1.2127383541837844e-09,0.005414277774798748,0.8747966089867987
0.001396175532643556,3.3325200377021247e-09,0.005309547424063865,0.8117199910338968
0.0004394550339680236,0.0,0.0016746312259172669,0.8425661550136283
0.0005024019330297606,2.298161660974074e-10,0.0024061126521885967,0.8010741079924628
0.0012667970771893064,8.98575081009767e-09,0.008507800945684707,0.8416851140209474
0.0005119583018605104,2.8983748734390247e-10,0.0031561023111468245,0.7927981039974838
0.010280054906546196,1.4036469764278081e-09,0.3176583159623938,0.8301949789747596
0.0015639919200477806,1.6539729585929308e-09,0.020073499646423798,0.8891080179600976
0.0012787809062044739,9.243397158797961e-09,0.01619767591674659,0.7791715239873156
0.003618806226574551,2.4655477659507596e-10,0.017800078616772907,0.7888937210082076
0.0066183070913405796,6.791622233492944e-07,1.3672892961991572,0.8200829490087926
0.0014776458816523088,4.481566584502161e-08,0.04076668350002244,0.9080641270265914
4.690647796472963e-05,4.150724208784595e-10,0.0007074932174173654,0.9119205790339038
0.0038553576571954268,2.5419346627586492e-09,0.01384114930604241,0.8476249430095777
0.0061084159955398535,1.9819962560063686e-08,0.03657182478244536,0.8519006470451131
0.0016285559652460806,8.620393288083505e-10,0.023459572854752864,0.9010534700355493
0.002591044674232061,1.7276491348638956e-10,0.013118418337288773,0.8236405619536527
0.0017691732368043539,0.0,0.018908034651332173,0.9104294249555096
0.00020976701657433107,3.186606534200109e-11,0.0025526243704057094,0.7832675739773549
0.010117336140328649,2.072854954349168e-08,0.14298751624340866,0.8257466009818017
0.000999539217014029,3.7482195125448925e-10,0.009674005080293924,0.8307233360246755
0.08614973508434916,5.488935297393027e-07,3.172671756192809,0.823586275044363
0.0033247897866850286,5.724306362253628e-09,0.012217126788126365,0.8540148839820176
0.0014412178219906885,2.0136532441483723e-09,0.016354485184551848,0.8365908080013469
9.4832864381433e-05,5.331735053459852e-11,0.0015060414196259586,0.7819937840104103
4.7922125092549755e-06,3.9177550092972524e-11,6.096424407608936e-05,0.8204315359471366
0.0016996591144689197,2.1899282387494168e-10,0.008831429383004519,0.8596752270241268
0.002074701139202911,1.348666955891531e-09,0.02241041960330392,0.8165128969703801
0.0024795592477463223,4.489422167353041e-10,0.060512110026884613,0.7819229420274496
0.0005348236489477267,1.4833467787411792e-10,0.005204315951550242,0.8874315939610824
0.007975645032794635,0.0,0.06702170983724187,0.7713118999963626
0.0016054880485713106,3.3806450971951563e-09,0.005467247606830483,0.8089657739619724
0.0011082856955560532,0.0,0.012289196146593184,0.7792143530095927
0.0007179296985427769,1.3570655710282153e-10,0.004278131589350309,0.8072710669948719
0.013895518462270367,3.76659059497797e-08,0.2005883861699438,0.7902826360077597
0.018685424611676278,1.3873595605673472e-09,0.2664350860423639,0.8567393309785984
0.0005405336357481357,4.79416861765003e-09,0.0023882233978405054,0.7761226709699258
0.0015567138372132468,2.3107240565423126e-09,0.008551615745354013,0.7258609959972091
0.01980760677778124,2.9535037526784436e-08,0.35997865325852274,0.8726224349811673
0.015078766882059114,1.041874142515553e-09,0.08630427294611387,0.9158871889812872
0.00016204796615459615,4.48284964704726e-10,0.0019283434441916825,0.8893475600052625
0.005001821988461703,3.7536374009050633e-10,0.04596190223895569,0.7520440029911697
8.227410241480986e-05,3.069899889851513e-11,0.0015289831271285692,0.7913240229827352
0.003374375210260551,1.5888481641468388e-09,0.03821937358307537,0.8735200620139949
0.007814128650615334,6.361752014072408e-09,0.15148400778913107,0.7922935269889422
0.0003491373387711855,2.9857432082280866e-09,0.00918622121615087,0.8349121150095016
0.04690121664947725,1.4177245866164867e-07,0.9301549225173567,0.9402633829740807
2.399433737559388e-05,2.3005064520020824e-10,0.0003137051931432211,0.842754886019975
0.018725960154223564,1.2105854096944313e-09,0.0754764334982827,0.8612256600172259
0.0006506629153213018,5.576836770160298e-10,0.006712437438197938,0.820249521988444
0.003848120529921689,1.5685515108998516e-09,0.018261519401901793,1.031526179984212
0.002877557660561335,1.073352962066565e-09,0.024729953028245433,0.8037256550160237
0.00409677179315345,4.67865746145435e-10,0.0192204062654735,1.01058938796632
0.019393147547000264,1.0286846929830062e-09,0.09560702369341278,0.9509836509823799
0.0035446806242573057,6.394866858272508e-10,0.012955226223196448,0.7543328960309736
0.0010396693034159647,6.737472801887634e-10,0.013526586825729936,0.7519225080031902
0.030810600414272676,1.3314423341626025e-08,0.5607766758557062,0.9071224249782972
0.00549983279560476,6.928804197059435e-10,0.04645965393957319,0.8632596150273457
0.027936272942727013,4.033924483337614e-08,0.3642378571088649,0.83767674601404
0.0020278480978451973,1.0536517436321446e-08,0.06819142054274607,0.8770105009898543
0.0010178777972881495,1.6892613530217204e-08,0.02420743862679764,0.7996607690001838
0.01546907956216329,6.588116718830861e-09,0.24166229224837465,0.818624739011284
0.00021061816292243242,6.617177916723449e-10,0.0020398496609033145,0.8415653729462065
0.0003356191070938319,6.919318451537038e-10,0.004402711450453012,0.7789303779718466
0.013199283322465944,4.642737572169153e-08,0.4091945389802021,0.8008924020105042
0.00021876358881653472,1.1187495374542777e-10,0.0026302139906295707,0.8482402680092491
0.00732288384123638,1.473826412023982e-07,0.3884475500496887,0.8508983469801024
0.011642830699307759,3.8639145216734505e-08,0.14136825498132133,0.7887639380060136
0.002140450813991172,0.0,0.02489187568436435,0.8776169010088779
0.0010207019441842377,5.753797438501351e-11,0.010919098600901123,0.9346970719634555
3.847923104730935e-05,4.5215386990093975e-11,0.0005510141887121733,0.8341269920347258
0.00015790883525540825,3.7632297278378246e-10,0.002028956602929455,0.8558662940049544
0.0019186379919199838,3.817213212187198e-09,0.019976974311738616,0.8942096770042554
0.002194636911300267,5.221000520805319e-09,0.09639322344963297,0.982057110988535
0.003936994807257069,5.2984834297831185e-09,0.01975391882445443,0.7509499039733782
0.07535908339592615,1.4709495843590048e-08,0.8787132429252829,0.7870455459924415
0.0013593729761207391,9.70921121279389e-10,0.021078882867856308,0.7919934520032257
0.002640061552004081,0.0,0.06954543305043792,0.8217736830119975
0.0003285823440002899,9.049152538409544e-10,0.004884408635680515,0.7815439050318673
0.001577131039614128,2.212736482931632e-08,0.06562893422249516,0.7614138410426676
0.005143543328997355,0.0,0.018061321359894578,0.8329374910099432
0.013873395646377962,3.550968585841474e-08,1.140136679599129,0.9018157650134526
0.0026421626134573582,5.38530890992206e-08,0.06684458008832017,0.7745056719868444
0.007995950927895616,9.350831220444888e-10,0.09708378266086015,0.8773239700240083
0.002303116492736568,1.7763568394002505e-15,0.07656467685968593,0.8253095800173469
0.005507796968918809,2.984634761560301e-09,0.1703249193786469,0.8171766580198891
0.001245611571134365,7.907985377642035e-10,0.007538462857496597,0.7739728689775802
0.0028299182957882956,1.7954100428596576e-09,0.06040619085695198,0.7557872990146279
0.007882916252199251,1.656901993385418e-08,0.12357308188362381,0.807442903984338
7.087770167560521e-05,2.5370638923050137e-10,0.0009343711248401831,0.766106252965983
0.009292420357010394,2.0040680226429686e-08,0.2591438476899004,0.8608215389540419
0.0005287885936006747,1.1503860974926283e-08,0.019910193518189345,0.9064807380200364
0.010117930906595646,1.7763568394002505e-15,0.2906131982843494,0.7923299219692126
0.00014138521522336322,1.1431211532908492e-09,0.002048187572686544,0.7779988119727932
0.00345633236996874,2.82875589618925e-09,0.08870931391105508,1.0755071549792774
2.2776006489635266e-05,1.222709045123338e-09,0.00041594380764209404,0.8561018580221571
0.028137144175127325,1.663557114284231e-08,1.6092717065095474,0.7780039769713767
0.0002599272817767909,2.6716406864579767e-12,0.002824641136768946,0.7867690889979713
0.0012590937974210794,2.1289423557391274e-09,0.016909615617294094,0.805736698966939
0.0028530692389703493,3.468949572038582e-09,0.1912309069132867,0.7816247479640879
0.0036325500463742335,2.3960105011155974e-09,0.09530296513803016,0.8035868290462531
0.0004111226129694449,2.477005267564891e-10,0.005106387516482513,0.8172522090026177
0.003378061150867141,2.882753591393339e-09,0.28045343682150126,0.814590776048135
0.05731159032099213,2.3299826068523544e-08,1.2180200066462135,0.7588247450185008
0.0018666728968707886,7.600391427331488e-10,0.009534981699776068,0.8099694029660895
0.0056332202188227615,2.1328965260636323e-09,0.38524923330025196,0.7880319510004483
0.0009600190236333194,5.917364376273326e-10,0.005634168947166174,0.8171702669933438
0.03806775369441016,5.56115722361028e-08,0.7203400234728097,0.8815521610085852
0.019638771791403282,6.076646741348668e-09,0.46081537463636657,0.8366515719681047
0.08385075321955479,3.9551864006170945e-08,3.014843939739972,0.8094687379780225
0.000978806070959676,0.0,0.03079255272770709,0.7991102870437317
0.0008340459469610078,3.2234090951988037e-09,0.005585274875226531,0.8159102639765479
0.004234680324574547,1.3535590426272393e-09,0.026932449050443452,0.9914981070323847
0.003474010485779398,8.417758756706917e-08,0.06635564169185493,0.8932517960201949
0.01808971049168554,9.251006005683848e-08,0.46564499800530257,0.8227901080390438
0.021777579320148847,9.289783697852272e-08,0.9427516890740897,0.7598580659832805
0.020628830411590655,0.0,0.251731077409314,0.7844981439993717
3.204249829138334e-05,1.474909083754028e-09,0.0002339981795405066,0.9340809779823758
0.007549139893225289,1.7200587620891383e-08,0.22815819671772353,0.7737851860001683
6.2051232959719e-05,1.8489565434265387e-10,0.0007890153245160292,0.8290573839913122
0.0017356899732578555,2.3620980726946073e-09,0.0059660054139136776,0.7985848269890994
0.0011352919987607925,3.3187887993335607e-09,0.005467161752422456,0.873818984022364
0.0008423834857351816,2.9129409995221067e-10,0.010380766146077747,0.8877216210239567
3.930268322813422e-05,9.066738471119606e-10,0.0006314214630052106,0.8103023419971578
0.004276605984632392,8.910562954156376e-09,0.12585450307440027,0.8417181550175883
0.0028091730332773916,1.9317312194289116e-09,0.020058499999421997,0.8197104320279323
0.033911422880968815,5.31952508708855e-08,1.5082455795293441,0.8037690799683332
0.0053084510275110235,1.7530510376673192e-10,0.11529333218533644,0.8550455560325645
0.010066717881547383,0.0,0.10440331065115593,0.7895367539604194
0.0015522285940766372,3.822622041127488e-08,0.05488205422498105,0.7803782660048455
0.0001434804504958264,1.8333956575133925e-10,0.0019820988076961754,0.8302145139896311
0.014392835491391396,4.295074518267938e-09,0.2049845106338477,0.8293754030019045
0.012651234391043122,2.465558424091796e-09,0.16547828508420714,0.8412960399873555
0.01282471128040202,3.1893961249807035e-08,0.7448920361269629,0.7683356960187666
0.0012198637403622013,1.3203305115894182e-10,0.004130414683478634,0.9170840909937397
0.000483694548339492,1.0024727714608161e-09,0.004629021503205877,0.8233739120187238
0.0008634605597804768,2.533475651489425e-10,0.011648499284428127,0.8081892750342377
0.00014754301445549684,0.0,0.0007265888428893419,0.7901356370421126
0.02853389705298719,4.11970599856204e-08,0.5482363628388676,0.8043403960182332
0.0013475179197371596,3.358222144811407e-09,0.006936019348266598,0.8183680869988166
0.13416339145121167,1.6916678546863295e-07,0.8852234871193811,0.7481381859979592
0.0016132895023077485,1.7763568394002505e-15,0.025010512242547023,1.0457903479691595
0.0064600831977505695,1.1040416580954115e-08,0.02434661143401584,0.8835185450152494
0.001101209955045003,6.66862121079248e-11,0.005929003235374708,0.8773510920000263
0.012049355699061648,3.3791474329802895e-07,0.45416606799419235,0.7582687310059555
0.002677834632942929,0.0,0.08151998299995711,1.0313506190432236
0.012097723615819993,6.0173910298999544e-09,0.27943707506647186,0.8916656859801151
0.00227247620131943,1.1162109458950908e-08,0.006658721063299566,0.8938813300337642
0.0006007552404285899,9.409433232576703e-10,0.00361909206144162,0.9006714249844663
0.0013345432733429103,1.9349251090261532e-09,0.004442580918926353,0.8714408410014585
0.00937910768078816,2.526820974679822e-07,0.16587505758185017,0.8490629739826545
0.007927504378096684,0.0,0.1595037593641795,0.9572424010257237
0.0045602584146119535,9.692762148461043e-10,0.0417848914743999,0.8348531720112078
0.0003260307590912233,8.076561641701119e-11,0.002652336802691835,0.939560168015305
0.000579147212140443,4.254037122564114e-10,0.003938010019572502,0.9227923330035992
0.005730076867166357,3.906297507683121e-10,0.35574859723204355,0.8624080959707499
0.011733885489264566,1.1052003756617523e-08,0.14511599844682976,0.8441152020241134
0.004663850723321313,6.220886206165233e-08,0.1582586854966319,0.7444780580117367
0.0023168150226629456,4.604547854114571e-10,0.019559001758944206,0.912286781007424
0.008585242426303813,2.828848266744899e-11,0.17635373817040012,0.8065769129898399
9.42606901367396e-05,7.397069623493735e-10,0.0015040065095170974,0.785148922004737
0.004441070914218882,1.6726341200978823e-08,0.04096775406918063,0.8617035259958357
0.003019789550499196,2.4213999694211452e-09,0.1907693909294217,0.8439806419773959
0.008032152220749874,3.529738279439698e-09,0.1266902377659207,0.8934532089624554
0.0024709864207119636,3.936582615438056e-09,0.007251310335709249,0.8675902690156363
0.0013834788055487365,5.186659990386033e-10,0.006653517271372422,0.8569119250169024
0.004047853290980732,1.7500683568982822e-08,0.13654536020506036,0.79821678501321
0.0002543313269563724,5.759659416071372e-11,0.003431616592262543,0.8680887169903144
0.0001039568864532478,6.905871430262778e-10,0.0011643481807208644,0.9376633469946682
0.0025542279010038684,3.3310492142391013e-09,0.013310072064406597,0.9070075689814985
0.0009580693231792025,0.0,0.0033273861475944244,0.8380688870092854
0.0003461194585808503,1.0767386982024618e-09,0.001973359806603625,0.8609841070137918
0.00014166835130439287,5.258229407445469e-10,0.0018322948818028095,0.7790472559863701
0.005954340664383419,9.826628399878246e-10,0.24956558523663475,0.8620566489989869
0.00022434838159943356,7.085318998178991e-10,0.0033163085461680453,0.8298204299644567
0.000585796662513255,7.790065481572128e-09,0.021075174842069444,0.8157622719882056
0.05242139746972767,5.1523432631483956e-08,1.703797690438087,0.7895743290428072
0.00012249257975382107,4.965645672427854e-10,0.001578187599903913,0.9104433680186048
0.0311556787519278,3.615146457747187e-07,1.1948525900649294,0.8074367720400915
0.005199391699367164,1.9037862841742026e-08,0.059673847434531524,0.9052339409827255
0.0017273253821352339,2.759392714324349e-11,0.006610664903178076,0.7823121739784256
0.0245404934003629,6.274028958586086e-07,0.7529748560451637,0.8465194769669324
0.003091348457648072,7.966502124645558e-09,0.08652462852606568,0.7842390820151195
0.0025336999187627494,1.8259811440657359e-09,0.04085595666431985,0.9779146549990401
0.0005088533088607819,3.601634546157584e-10,0.024321361926814333,0.8244836679659784
9.238095345013783e-05,2.799893650262675e-10,0.000973926551615989,0.748547810013406
0.0057149746275712175,6.975709609946534e-08,0.17517363406688347,0.7367758139735088
0.0006708203002198834,5.733102881322338e-10,0.009309776053997965,0.8126221600105055
0.0024798491977466404,2.1193212518255677e-08,0.471838288199665,0.8242473419522867
0.00346973610686035,3.695728167940615e-10,0.014965716658377204,0.7877401749719866
